Ligand,Residue,Chain,Interaction
EAI045,LYS48,A,Hydrophobic
EAI045,LEU50,A,Hydrophobic
EAI045,ILE62,A,Hydrophobic
EAI045,GLU65,A,Hydrophobic
EAI045,ALA66,A,Hydrophobic
EAI045,MET69,A,Hydrophobic
EAI045,LEU80,A,Hydrophobic
EAI045,LEU91,A,Hydrophobic
EAI045,PHE159,A,Hydrophobic
EAI045,LEU161,A,Hydrophobic
EAI045,LYS48,A,HBond
EAI045,PHE159,A,HBond
EAI001,PHE26,A,Hydrophobic
EAI001,LEU80,A,Hydrophobic
EAI001,PHE159,A,Hydrophobic
EAI001,PHE159,A,Hydrophobic
EAI001,ASP158,A,HBond
decoy_0086,LEU21,A,Hydrophobic
decoy_0086,LEU21,A,Hydrophobic
decoy_0086,PHE26,A,Hydrophobic
decoy_0086,VAL29,A,Hydrophobic
decoy_0086,ALA46,A,Hydrophobic
decoy_0086,LYS48,A,HBond
decoy_0086,ASN145,A,HBond
decoy_0086,ASP158,A,HBond
decoy_0086,ASP158,A,HBond
decoy_0454,LEU80,A,Hydrophobic
decoy_0454,LEU80,A,Hydrophobic
decoy_0454,MET93,A,Hydrophobic
decoy_0454,ASP158,A,Hydrophobic
decoy_0454,PHE159,A,Hydrophobic
decoy_0454,PHE159,A,Hydrophobic
decoy_0454,CYS78,A,HBond
decoy_0454,ASP158,A,HBond
