Residue,Interaction,EAI001,EAI045,decoy_0086,decoy_0454
ALA46,Hydrophobic,0,0,1,0
ALA66,Hydrophobic,0,1,0,0
ASN145,HBond,0,0,1,0
ASP158,HBond,1,0,2,1
ASP158,Hydrophobic,0,0,0,1
CYS78,HBond,0,0,0,1
GLU65,Hydrophobic,0,1,0,0
ILE62,Hydrophobic,0,1,0,0
LEU161,Hydrophobic,0,1,0,0
LEU21,Hydrophobic,0,0,2,0
LEU50,Hydrophobic,0,1,0,0
LEU80,Hydrophobic,1,1,0,2
LEU91,Hydrophobic,0,1,0,0
LYS48,HBond,0,1,1,0
LYS48,Hydrophobic,0,1,0,0
MET69,Hydrophobic,0,1,0,0
MET93,Hydrophobic,0,0,0,1
PHE159,HBond,0,1,0,0
PHE159,Hydrophobic,2,1,0,2
PHE26,Hydrophobic,1,0,1,0
VAL29,Hydrophobic,0,0,1,0
