Ligand,Residue,Chain,Interaction,Residue_EGFR,EGFR_Number
EAI045,LYS48,A,Hydrophobic,LYS745,745
EAI045,LEU50,A,Hydrophobic,LEU747,747
EAI045,ILE62,A,Hydrophobic,ILE759,759
EAI045,GLU65,A,Hydrophobic,GLU762,762
EAI045,ALA66,A,Hydrophobic,ALA763,763
EAI045,MET69,A,Hydrophobic,MET766,766
EAI045,LEU80,A,Hydrophobic,LEU777,777
EAI045,LEU91,A,Hydrophobic,LEU788,788
EAI045,PHE159,A,Hydrophobic,PHE856,856
EAI045,LEU161,A,Hydrophobic,LEU858,858
EAI045,LYS48,A,HBond,LYS745,745
EAI045,PHE159,A,HBond,PHE856,856
EAI001,PHE26,A,Hydrophobic,PHE723,723
EAI001,LEU80,A,Hydrophobic,LEU777,777
EAI001,PHE159,A,Hydrophobic,PHE856,856
EAI001,PHE159,A,Hydrophobic,PHE856,856
EAI001,ASP158,A,HBond,ASP855,855
decoy_0086,LEU21,A,Hydrophobic,LEU718,718
decoy_0086,LEU21,A,Hydrophobic,LEU718,718
decoy_0086,PHE26,A,Hydrophobic,PHE723,723
decoy_0086,VAL29,A,Hydrophobic,VAL726,726
decoy_0086,ALA46,A,Hydrophobic,ALA743,743
decoy_0086,LYS48,A,HBond,LYS745,745
decoy_0086,ASN145,A,HBond,ASN842,842
decoy_0086,ASP158,A,HBond,ASP855,855
decoy_0086,ASP158,A,HBond,ASP855,855
decoy_0454,LEU80,A,Hydrophobic,LEU777,777
decoy_0454,LEU80,A,Hydrophobic,LEU777,777
decoy_0454,MET93,A,Hydrophobic,MET790,790
decoy_0454,ASP158,A,Hydrophobic,ASP855,855
decoy_0454,PHE159,A,Hydrophobic,PHE856,856
decoy_0454,PHE159,A,Hydrophobic,PHE856,856
decoy_0454,CYS78,A,HBond,CYS775,775
decoy_0454,ASP158,A,HBond,ASP855,855
