ligand,affinity_kcal_mol
DDC4002,-7.957
EA1001,-8.549
EAI001,-9.382
EAI045,-9.995
EAI045_analog_1,-8.321
EAI045_analog_10,-8.328
EAI045_analog_2,-9.046
EAI045_analog_3,-8.325
EAI045_analog_4,-8.372
EAI045_analog_5,-8.692
EAI045_analog_6,-8.549
EAI045_analog_7,-8.14
EAI045_analog_8,-8.454
EAI045_analog_9,-8.801
JBJ-02-112-05,-8.757
JBJ-04-125-02,-9.969
decoy_0000,-7.173
decoy_0001,-6.141
decoy_0002,-5.936
decoy_0003,-5.619
decoy_0004,-6.991
decoy_0005,-7.811
decoy_0006,-6.671
decoy_0007,-6.698
decoy_0008,-6.486
decoy_0009,-6.607
decoy_0010,-6.13
decoy_0011,-6.811
decoy_0012,-7.6
decoy_0013,-7.113
decoy_0014,-5.872
decoy_0015,-6.604
decoy_0016,-6.761
decoy_0017,-6.585
decoy_0018,-5.749
decoy_0019,-7.421
decoy_0020,-5.991
decoy_0021,-7.061
decoy_0022,-6.451
decoy_0023,-7.437
decoy_0024,-6.3
decoy_0025,-6.644
decoy_0026,-7.762
decoy_0027,-6.853
decoy_0028,-6.028
decoy_0029,-6.42
decoy_0030,-5.852
decoy_0031,-5.692
decoy_0032,-5.692
decoy_0033,-7.151
decoy_0034,-5.804
decoy_0035,-6.88
decoy_0036,-6.64
decoy_0037,-6.796
decoy_0038,-7.418
decoy_0039,-6.904
decoy_0040,-6.724
decoy_0041,-6.448
decoy_0042,-6.576
decoy_0043,-6.543
decoy_0044,-6.631
decoy_0045,-7.632
decoy_0046,-7.621
decoy_0047,-6.244
decoy_0048,-6.973
decoy_0049,-6.584
decoy_0050,-5.013
decoy_0051,-5.522
decoy_0052,-5.355
decoy_0053,-6.858
decoy_0054,-7.381
decoy_0055,-6.058
decoy_0056,-6.801
decoy_0057,-7.56
decoy_0058,-5.48
decoy_0059,-7.549
decoy_0060,-7.809
decoy_0061,-6.608
decoy_0062,-6.635
decoy_0063,-7.344
decoy_0064,-6.668
decoy_0065,-7.254
decoy_0066,-6.135
decoy_0067,-6.773
decoy_0068,-6.107
decoy_0069,-6.874
decoy_0070,-5.667
decoy_0071,-6.587
decoy_0072,-6.552
decoy_0073,-7.514
decoy_0074,-7.181
decoy_0075,-7.234
decoy_0076,-6.071
decoy_0077,-6.73
decoy_0078,-6.121
decoy_0079,-6.901
decoy_0080,-6.358
decoy_0081,-6.077
decoy_0082,-8.078
decoy_0083,-6.633
decoy_0084,-5.938
decoy_0085,-7.618
decoy_0086,-8.999
decoy_0087,-6.888
decoy_0088,-7.501
decoy_0089,-6.153
decoy_0090,-7.039
decoy_0091,-6.816
decoy_0092,-5.557
decoy_0093,-7.574
decoy_0094,-6.672
decoy_0095,-7.277
decoy_0096,-6.81
decoy_0097,-7.108
decoy_0098,-7.05
decoy_0099,-7.228
decoy_0100,-6.17
decoy_0101,-6.783
decoy_0102,-6.087
decoy_0103,-7.181
decoy_0104,-7.161
decoy_0105,-5.919
decoy_0106,-7.094
decoy_0107,-6.9
decoy_0108,-7.26
decoy_0109,-6.578
decoy_0110,-6.381
decoy_0111,-7.526
decoy_0112,-6.471
decoy_0113,-8.237
decoy_0114,-7.115
decoy_0115,-5.501
decoy_0116,-5.457
decoy_0117,-7.23
decoy_0118,-7.166
decoy_0119,-6.129
decoy_0120,-7.58
decoy_0121,-6.858
decoy_0122,-7.583
decoy_0123,-7.012
decoy_0124,-6.137
decoy_0125,-6.304
decoy_0126,-6.959
decoy_0127,-6.365
decoy_0128,-5.592
decoy_0129,-6.097
decoy_0130,-7.555
decoy_0131,-6.859
decoy_0132,-6.591
decoy_0133,-6.679
decoy_0134,-7.564
decoy_0135,-7.662
decoy_0136,-8.389
decoy_0137,-7.545
decoy_0138,-6.262
decoy_0139,-6.725
decoy_0140,-6.231
decoy_0141,-7.338
decoy_0142,-5.71
decoy_0143,-8.012
decoy_0144,-6.065
decoy_0145,-6.953
decoy_0146,-5.818
decoy_0147,-5.586
decoy_0148,-7.051
decoy_0149,-6.879
decoy_0150,-5.368
decoy_0151,-6.165
decoy_0152,-5.939
decoy_0153,-6.535
decoy_0154,-7.434
decoy_0155,-5.402
decoy_0156,-5.808
decoy_0157,-6.553
decoy_0158,-7.838
decoy_0159,-7.413
decoy_0160,-6.383
decoy_0161,-6.766
decoy_0162,-7.102
decoy_0163,-5.351
decoy_0164,-7.161
decoy_0165,-6.103
decoy_0166,-7.079
decoy_0167,-6.901
decoy_0168,-6.504
decoy_0169,-6.304
decoy_0170,-6.979
decoy_0171,-7.035
decoy_0172,-6.427
decoy_0173,-6.193
decoy_0174,-6.784
decoy_0175,-6.687
decoy_0176,-7.389
decoy_0177,-6.097
decoy_0178,-6.997
decoy_0179,-6.896
decoy_0180,-6.823
decoy_0181,-6.611
decoy_0182,-6.32
decoy_0183,-5.751
decoy_0184,-6.216
decoy_0185,-6.029
decoy_0186,-7.033
decoy_0187,-6.253
decoy_0188,-6.193
decoy_0189,-7.721
decoy_0190,-5.3
decoy_0191,-6.277
decoy_0192,-5.696
decoy_0193,-7.03
decoy_0194,-5.613
decoy_0195,-7.336
decoy_0196,-5.98
decoy_0197,-7.538
decoy_0198,-6.874
decoy_0199,-5.867
decoy_0200,-6.653
decoy_0201,-6.18
decoy_0202,-7.083
decoy_0203,-5.48
decoy_0204,-7.627
decoy_0205,-6.514
decoy_0206,-6.715
decoy_0207,-6.025
decoy_0208,-7.887
decoy_0209,-6.041
decoy_0210,-7.681
decoy_0211,-6.554
decoy_0212,-7.009
decoy_0213,-6.564
decoy_0214,-6.688
decoy_0215,-6.4
decoy_0216,-6.5
decoy_0217,-5.47
decoy_0218,-6.2
decoy_0219,-7.172
decoy_0220,-6.614
decoy_0221,-6.545
decoy_0222,-6.159
decoy_0223,-7.196
decoy_0224,-5.839
decoy_0225,-5.532
decoy_0226,-7.202
decoy_0227,-7.673
decoy_0228,-6.11
decoy_0229,-5.772
decoy_0230,-6.564
decoy_0231,-7.029
decoy_0232,-7.157
decoy_0233,-6.509
decoy_0234,-7.314
decoy_0235,-6.646
decoy_0236,-6.621
decoy_0237,-6.483
decoy_0238,-6.597
decoy_0239,-6.599
decoy_0240,-5.672
decoy_0241,-7.728
decoy_0242,-8.164
decoy_0243,-7.082
decoy_0244,-6.621
decoy_0245,-6.42
decoy_0246,-6.673
decoy_0247,-6.062
decoy_0248,-8.223
decoy_0249,-6.573
decoy_0250,-6.323
decoy_0251,-5.123
decoy_0252,-5.98
decoy_0253,-6.971
decoy_0254,-5.578
decoy_0255,-7.338
decoy_0256,-7.837
decoy_0257,-6.335
decoy_0258,-5.676
decoy_0259,-5.924
decoy_0260,-7.123
decoy_0261,-7.864
decoy_0262,-7.473
decoy_0263,-5.947
decoy_0264,-5.833
decoy_0265,-6.45
decoy_0266,-6.605
decoy_0267,-5.693
decoy_0268,-6.862
decoy_0269,-6.835
decoy_0270,-6.527
decoy_0271,-5.618
decoy_0272,-5.715
decoy_0273,-7.098
decoy_0274,-6.65
decoy_0275,-6.095
decoy_0276,-5.993
decoy_0277,-6.593
decoy_0278,-6.659
decoy_0279,-5.312
decoy_0280,-7.233
decoy_0281,-6.283
decoy_0282,-7.008
decoy_0283,-6.144
decoy_0284,-6.433
decoy_0285,-6.014
decoy_0286,-6.87
decoy_0287,-5.65
decoy_0288,-8.328
decoy_0289,-6.453
decoy_0290,-6.091
decoy_0291,-6.37
decoy_0292,-7.187
decoy_0293,-6.633
decoy_0294,-8.212
decoy_0295,-6.713
decoy_0296,-7.083
decoy_0297,-5.794
decoy_0298,-6.119
decoy_0299,-6.453
decoy_0300,-6.32
decoy_0301,-6.09
decoy_0302,-5.791
decoy_0303,-6.471
decoy_0304,-6.589
decoy_0305,-6.472
decoy_0306,-7.42
decoy_0307,-6.427
decoy_0308,-7.17
decoy_0309,-7.849
decoy_0310,-6.191
decoy_0311,-7.108
decoy_0312,-7.649
decoy_0313,-6.292
decoy_0314,-7.161
decoy_0315,-6.353
decoy_0316,-7.986
decoy_0317,-5.95
decoy_0318,-7.059
decoy_0319,-8.037
decoy_0320,-6.369
decoy_0321,-6.567
decoy_0322,-6.622
decoy_0323,-5.731
decoy_0324,-7.27
decoy_0325,-5.816
decoy_0326,-5.902
decoy_0327,-6.776
decoy_0328,-6.029
decoy_0329,-5.843
decoy_0330,-7.737
decoy_0331,-7.395
decoy_0332,-6.189
decoy_0333,-7.137
decoy_0334,-7.296
decoy_0335,-5.857
decoy_0336,-5.934
decoy_0337,-6.916
decoy_0338,-6.554
decoy_0339,-6.006
decoy_0340,-5.861
decoy_0341,-6.2
decoy_0342,-6.026
decoy_0343,-7.207
decoy_0344,-6.134
decoy_0345,-6.446
decoy_0346,-6.584
decoy_0347,-6.883
decoy_0348,-6.538
decoy_0349,-6.067
decoy_0350,-5.668
decoy_0351,-7.154
decoy_0352,-6.922
decoy_0353,-6.949
decoy_0354,-6.609
decoy_0355,-6.105
decoy_0356,-7.505
decoy_0357,-7.173
decoy_0358,-6.056
decoy_0359,-6.69
decoy_0360,-6.445
decoy_0361,-6.818
decoy_0362,-6.847
decoy_0363,-5.79
decoy_0364,-6.303
decoy_0365,-5.783
decoy_0366,-6.195
decoy_0367,-5.552
decoy_0368,-7.129
decoy_0369,-6.392
decoy_0370,-6.081
decoy_0371,-6.018
decoy_0372,-6.072
decoy_0373,-7.494
decoy_0374,-6.522
decoy_0375,-5.723
decoy_0376,-6.304
decoy_0377,-6.286
decoy_0378,-7.113
decoy_0379,-7.163
decoy_0380,-6.733
decoy_0381,-6.505
decoy_0382,-6.974
decoy_0383,-6.353
decoy_0384,-6.832
decoy_0385,-6.716
decoy_0386,-7.377
decoy_0387,-5.888
decoy_0388,-7.616
decoy_0389,-7.179
decoy_0390,-7.871
decoy_0391,-6.364
decoy_0392,-5.986
decoy_0393,-7.186
decoy_0394,-6.297
decoy_0395,-7.755
decoy_0396,-6.474
decoy_0397,-6.992
decoy_0398,-6.833
decoy_0399,-6.015
decoy_0400,-6.056
decoy_0401,-6.382
decoy_0402,-6.845
decoy_0403,-7.314
decoy_0404,-6.423
decoy_0405,-6.107
decoy_0406,-6.33
decoy_0407,-7.019
decoy_0408,-5.852
decoy_0409,-6.979
decoy_0410,-7.107
decoy_0411,-5.73
decoy_0412,-6.227
decoy_0413,-6.941
decoy_0414,-6.407
decoy_0415,-7.514
decoy_0416,-6.595
decoy_0417,-6.8
decoy_0418,-6.148
decoy_0419,-5.335
decoy_0420,-6.645
decoy_0421,-7.097
decoy_0422,-7.207
decoy_0423,-6.683
decoy_0424,-6.04
decoy_0425,-6.059
decoy_0426,-6.375
decoy_0427,-6.764
decoy_0428,-7.196
decoy_0429,-6.773
decoy_0430,-7.054
decoy_0431,-6.756
decoy_0432,-7.395
decoy_0433,-7.432
decoy_0434,-6.425
decoy_0435,-6.401
decoy_0436,-5.814
decoy_0437,-6.989
decoy_0438,-7.023
decoy_0439,-5.569
decoy_0440,-5.708
decoy_0441,-6.496
decoy_0442,-6.956
decoy_0443,-6.23
decoy_0444,-8.018
decoy_0445,-5.808
decoy_0446,-7.542
decoy_0447,-7.449
decoy_0448,-6.664
decoy_0449,-7.652
decoy_0450,-6.167
decoy_0451,-6.467
decoy_0452,-6.924
decoy_0453,-6.007
decoy_0454,-8.67
decoy_0455,-6.622
decoy_0456,-7.336
decoy_0457,-7.036
decoy_0458,-6.79
decoy_0459,-7.111
decoy_0460,-7.69
decoy_0461,-7.413
decoy_0462,-6.818
decoy_0463,-6.316
decoy_0464,-6.423
decoy_0465,-6.905
decoy_0466,-6.994
decoy_0467,-6.722
decoy_0468,-6.379
decoy_0469,-8.145
decoy_0470,-7.512
decoy_0471,-7.382
decoy_0472,-6.306
decoy_0473,-6.24
decoy_0474,-7.325
decoy_0475,-6.832
decoy_0476,-5.768
decoy_0477,-6.382
decoy_0478,-5.62
decoy_0479,-6.701
decoy_0480,-7.413
decoy_0481,-6.754
decoy_0482,-6.503
decoy_0483,-6.438
decoy_0484,-6.116
decoy_0485,-5.772
decoy_0486,-6.201
decoy_0487,-6.379
decoy_0488,-6.261
decoy_0489,-7.709
decoy_0490,-7.23
decoy_0491,-7.15
decoy_0492,-7.596
decoy_0493,-8.048
decoy_0494,-5.757
decoy_0495,-5.981
decoy_0496,-6.473
decoy_0497,-6.542
decoy_0498,-6.419
decoy_0499,-6.398
